Date,Open,High,Low,Close,Adj Close,Volume
2012-12-03,5050,5100,4925,5010,4546.923828,20660
2012-12-04,5000,5070,4970,5020,4555.999512,24000
2012-12-05,5030,5160,4980,5150,4673.983887,27311
2012-12-06,5140,5180,5040,5050,4583.227051,13000
2012-12-07,5100,5100,5000,5010,4546.923828,24100
2012-12-10,5000,5050,4950,5010,4546.923828,18171
2012-12-11,5080,5450,5040,5180,4701.210938,61280
2012-12-12,5120,5290,5050,5120,4646.756836,23700
2012-12-13,5100,5190,5030,5080,4610.453613,15550
2012-12-14,5100,5240,5040,5070,4601.378418,16526
2012-12-17,5070,5100,5000,5010,4546.923828,28941
2012-12-18,5000,5050,4910,4910,4456.166992,21660
2012-12-20,4910,5090,4910,5080,4610.453613,21924
2012-12-21,4985,5110,4965,5000,4537.848633,43422
2012-12-24,5000,5000,4835,4925,4469.780762,38910
2012-12-26,4925,5000,4840,4905,4451.629395,39610
2012-12-27,4735,5070,4735,4870,4511.849121,29541
2012-12-28,4890,4960,4840,4880,4521.113281,13180
2013-01-02,4880,5130,4880,4990,4623.024414,36526
2013-01-03,5070,5070,4840,4945,4581.333008,27832
2013-01-04,4885,4950,4830,4910,4548.907715,34870
2013-01-07,4860,4960,4850,4880,4521.113281,32630
2013-01-08,4840,4950,4840,4895,4535.010742,24954
2013-01-09,4840,4915,4840,4890,4530.378418,16830
2013-01-10,4890,5190,4890,5060,4687.875977,45829
2013-01-11,5140,5370,5140,5180,4799.050781,65380
2013-01-14,5210,5300,5020,5080,4706.405273,46250
2013-01-15,5030,5100,4980,4980,4613.758789,38209
2013-01-16,4980,5050,4905,4930,4567.436523,30531
2013-01-17,4915,4960,4880,4920,4558.171387,21530
2013-01-18,4890,4995,4890,4965,4599.862305,12713
2013-01-21,4965,5390,4930,5250,4863.902832,92800
2013-01-22,5430,5500,5320,5480,5076.988281,85748
2013-01-23,5480,5530,5250,5440,5039.929688,77060
2013-01-24,5400,5430,5280,5380,4984.342285,19600
2013-01-25,5320,5470,5200,5250,4863.902832,26799
2013-01-28,5250,5420,5120,5130,4752.728027,31428
2013-01-29,5130,5290,5110,5130,4752.728027,29330
2013-01-30,5200,5200,5120,5160,4780.521484,17780
2013-01-31,5220,5230,5130,5160,4780.521484,12950
2013-02-01,5130,5140,5100,5100,4724.93457,10720
2013-02-04,5120,5300,5010,5110,4734.19873,32487
2013-02-05,5060,5070,4945,5040,4669.347168,27476
2013-02-06,5790,5790,5710,5790,5364.189941,455048
2013-02-07,6650,6650,6650,6650,6160.943359,222481
2013-02-08,7310,7640,6920,7100,6577.849609,2638960
2013-02-12,7100,7550,6780,7100,6577.849609,1351747
2013-02-13,7100,7160,6850,6880,6374.029297,593473
2013-02-14,6880,7150,6790,7010,6494.46875,548159
2013-02-15,7170,7580,6500,6500,6021.975098,1199973
2013-02-18,6520,6650,6430,6500,6021.975098,278524
2013-02-19,6550,6920,6470,6700,6207.26709,453690
2013-02-20,6850,6900,6460,6510,6031.239258,336030
2013-02-21,6590,7050,6510,7050,6531.526855,703527
2013-02-22,7400,7820,6800,6960,6448.145996,1094203
2013-02-25,6980,7020,6660,6750,6253.589355,180618
2013-02-26,6610,6690,6450,6620,6133.150391,265744
2013-02-27,6640,7200,6520,7040,6522.262207,858611
2013-02-28,7000,7080,6790,6820,6318.441406,271326
2013-03-04,6820,6860,6730,6780,6281.383301,130924
2013-03-05,6890,7170,6840,7000,6485.203613,391910
2013-03-06,7070,7130,6900,6950,6438.880859,207860
2013-03-07,6960,7060,6860,6860,6355.5,131220
2013-03-08,6930,6960,6600,6800,6299.912598,107528
2013-03-11,6760,6760,6550,6600,6114.621094,88888
2013-03-12,6610,6930,6610,6870,6364.76416,97191
2013-03-13,6930,7080,6850,7080,6559.320313,130477
2013-03-14,7190,7290,7000,7120,6596.378906,159364
2013-03-15,7200,7250,7100,7180,6651.966309,73831
2013-03-18,7300,7370,7020,7020,6503.73291,115542
2013-03-19,7070,7360,6940,7340,6800.199219,126215
2013-03-20,7420,7860,7320,7850,7272.692383,304527
2013-03-21,7840,7840,6680,6680,6188.737793,1059771
2013-03-22,6510,6700,6210,6430,5957.123047,365513
2013-03-25,6450,6630,6400,6400,5929.329102,95442
2013-03-26,6420,6470,6200,6250,5790.360352,116997
2013-03-27,6160,6360,6120,6360,5892.270996,85407
2013-03-28,6360,6470,6330,6330,5864.477051,62822
2013-03-29,6330,6500,6320,6500,6021.975098,62182
2013-04-01,6500,6590,6460,6470,5994.181641,54183
2013-04-02,6500,6940,6500,6700,6207.26709,144661
2013-04-03,6750,6810,6690,6750,6253.589355,46998
2013-04-04,6750,6790,6270,6610,6123.885254,56657
2013-04-05,6530,6630,6400,6470,5994.181641,38483
2013-04-08,6500,6500,6340,6350,5883.006836,26457
2013-04-09,6300,6460,6180,6200,5744.037598,54551
2013-04-10,6200,6380,6100,6270,5808.889648,10676
2013-04-11,6260,6490,6230,6470,5994.181641,24100
2013-04-12,6490,6650,6440,6600,6114.621094,52626
2013-04-15,6470,6820,6430,6760,6262.854004,32301
2013-04-16,6760,6830,6600,6700,6207.26709,28453
2013-04-17,6790,6790,6620,6700,6207.26709,16958
2013-04-18,6800,7640,6700,7410,6865.051758,560312
2013-04-19,7130,7180,6840,6900,6392.558105,144842
2013-04-22,6910,7090,6830,6850,6346.235352,59970
2013-04-23,6800,6950,6700,6870,6364.76416,40886
2013-04-24,6810,7000,6770,7000,6485.203613,61566
2013-04-25,7080,7360,6920,7080,6559.320313,70312
2013-04-26,7110,7280,7020,7100,6577.849609,48982
2013-04-29,7070,7260,7050,7120,6596.378906,60720
2013-04-30,7130,7230,6800,7090,6568.585449,42238
2013-05-02,7090,7410,7000,7200,6670.495605,120957
2013-05-03,7450,7450,6540,6820,6318.441406,154248
2013-05-06,6830,6890,6690,6890,6383.293457,99625
2013-05-07,6980,6980,6800,6880,6374.029297,31242
2013-05-08,6830,6900,6730,6820,6318.441406,45021
2013-05-09,6900,6940,6780,6830,6327.706055,20303
2013-05-10,6800,6900,6750,6750,6253.589355,50398
2013-05-13,6770,6810,6600,6730,6235.060059,25721
2013-05-14,6740,6800,6530,6650,6160.943359,41406
2013-05-15,6610,6780,6600,6750,6253.589355,21838
2013-05-16,6820,7120,6820,7000,6485.203613,89859
2013-05-20,7000,7760,7000,7200,6670.495605,334324
2013-05-21,7140,7290,7080,7120,6596.378906,96342
2013-05-22,7230,7300,7120,7220,6689.024414,126449
2013-05-23,7160,7280,7160,7180,6651.966309,81394
2013-05-24,7320,7320,7130,7250,6716.818359,85405
2013-05-27,7290,7290,7000,7150,6624.172363,114384
2013-05-28,7190,7190,6870,6870,6364.76416,81855
2013-05-29,6870,6960,6810,6880,6374.029297,41895
2013-05-30,6800,7070,6800,7040,6522.262207,52340
2013-05-31,7020,7170,6950,7170,6642.70166,47648
2013-06-03,7100,7110,6910,7020,6503.73291,47535
2013-06-04,7020,7020,6850,6860,6355.5,25411
2013-06-05,6770,6880,6740,6850,6346.235352,33494
2013-06-07,6850,7070,6750,6990,6475.939453,27541
2013-06-10,6980,7950,6270,6300,5836.683105,1146326
2013-06-11,6470,7240,6400,6500,6021.975098,1028304
2013-06-12,6420,6530,6300,6300,5836.683105,203309
2013-06-13,6250,6410,6150,6150,5697.715332,109984
2013-06-14,6090,6190,6040,6040,5595.804199,63914
2013-06-17,5960,5990,5570,5620,5206.692383,115528
2013-06-18,5620,5960,5620,5860,5429.041504,61694
2013-06-19,5630,5740,5480,5720,5299.338379,128870
2013-06-20,5730,5890,5430,5670,5253.015137,70953
2013-06-21,5320,5600,5290,5400,5002.871582,33450
2013-06-24,5400,5540,5260,5340,4947.28418,34686
2013-06-25,5160,5220,4950,5000,4632.288086,91794
2013-06-26,4915,5190,4915,5100,4724.93457,53621
2013-06-27,5140,5290,5140,5200,4817.580078,27158
2013-06-28,5400,5930,5250,5550,5141.839844,141708
2013-07-01,5590,5600,5400,5430,5030.665527,39774
2013-07-02,5450,5570,5300,5350,4956.548828,29366
2013-07-03,5350,5460,5260,5380,4984.342285,15473
2013-07-04,5450,5450,5250,5360,4965.813477,14402
2013-07-05,5370,5440,5320,5370,4975.077637,25374
2013-07-08,5420,5650,5360,5380,4984.342285,28252
2013-07-09,5400,5450,5280,5400,5002.871582,28290
2013-07-10,5370,5440,5350,5390,4993.606934,7342
2013-07-11,5700,5700,5420,5480,5076.988281,16613
2013-07-12,5500,5580,5450,5510,5104.781738,13363
2013-07-15,5510,5780,5490,5520,5114.046387,30841
2013-07-16,5630,5640,5520,5550,5141.839844,18159
2013-07-17,5520,5600,5450,5560,5151.105469,16012
2013-07-18,5580,5650,5520,5600,5188.163574,14680
2013-07-19,5660,5930,5580,5760,5336.396484,47806
2013-07-22,5830,5880,5630,5660,5243.750977,16696
2013-07-23,5600,5690,5560,5690,5271.544434,18020
2013-07-24,5870,6110,5820,5940,5503.158203,67602
2013-07-25,5850,5950,5800,5880,5447.570801,25580
2013-07-26,5980,5980,5810,5920,5484.629395,7749
2013-07-29,5920,5920,5730,5840,5410.513184,23461
2013-07-30,5770,5850,5730,5770,5345.660645,9631
2013-07-31,5720,5800,5640,5800,5373.455078,22051
2013-08-01,5840,5900,5730,5740,5317.867676,10800
2013-08-02,5830,5830,5680,5720,5299.338379,10750
2013-08-05,5670,5820,5650,5800,5373.455078,29560
2013-08-06,5740,5820,5670,5780,5354.925781,27781
2013-08-07,5770,5770,5670,5770,5345.660645,20140
2013-08-08,5820,5950,5710,5760,5336.396484,20580
2013-08-09,5710,5890,5690,5700,5280.809082,31270
2013-08-12,5700,5780,5630,5710,5290.07373,16750
2013-08-13,5650,5750,5640,5720,5299.338379,18580
2013-08-14,5720,5740,5650,5720,5299.338379,8620
2013-08-16,5720,5960,5640,5920,5484.629395,34636
2013-08-19,5910,6060,5740,5830,5401.248535,34750
2013-08-20,5770,5850,5610,5830,5401.248535,37867
2013-08-21,5650,5790,5560,5780,5354.925781,24390
2013-08-22,5730,5730,5550,5600,5188.163574,15228
2013-08-23,5610,5750,5500,5540,5132.575684,11470
2013-08-26,5550,5680,5370,5600,5188.163574,15910
2013-08-27,5420,5610,5420,5520,5114.046387,28400
2013-08-28,5410,5480,5140,5160,4780.521484,42157
2013-08-29,5180,5290,5140,5200,4817.580078,20694
2013-08-30,5270,5360,5220,5330,4938.019531,7622
2013-09-02,5490,5490,5320,5320,4928.754883,10358
2013-09-03,5300,5460,5300,5410,5012.13623,10835
2013-09-04,5450,5750,5450,5490,5086.25293,49565
2013-09-05,5520,5610,5520,5570,5160.369141,10521
2013-09-06,5630,5630,5480,5570,5160.369141,11043
2013-09-09,5670,6130,5600,5720,5299.338379,167280
2013-09-10,5650,5800,5610,5740,5317.867676,33532
2013-09-11,5740,5810,5670,5780,5354.925781,14077
2013-09-12,5700,5820,5700,5700,5280.809082,14366
2013-09-13,5670,5780,5670,5730,5308.602051,4440
2013-09-16,5700,5770,5610,5630,5215.956543,17871
2013-09-17,5630,5690,5570,5630,5215.956543,10220
2013-09-23,5630,5780,5550,5560,5151.105469,7280
2013-09-24,5520,5580,5400,5480,5076.988281,14430
2013-09-25,5480,5640,5480,5580,5169.634277,5450
2013-09-26,5640,5640,5470,5580,5169.634277,7604
2013-09-27,5680,5680,5510,5620,5206.692383,2822
2013-09-30,5600,5640,5500,5500,5095.51709,11522
2013-10-01,5410,5610,5400,5470,5067.723633,8162
2013-10-02,5500,5510,5340,5340,4947.28418,6882
2013-10-04,5340,5640,5340,5510,5104.781738,10043
2013-10-07,5600,5600,5400,5460,5058.458984,5920
2013-10-08,5460,5540,5370,5400,5002.871582,14320
2013-10-10,5400,5560,5350,5380,4984.342285,5491
2013-10-11,5410,5530,5400,5480,5076.988281,4476
2013-10-14,5420,5450,5350,5420,5021.400391,7774
2013-10-15,5500,5500,5340,5360,4965.813477,8313
2013-10-16,5480,5480,5290,5360,4965.813477,13612
2013-10-17,5330,5480,5190,5230,4845.373535,79560
2013-10-18,5310,5310,5180,5230,4845.373535,11190
2013-10-21,5220,5300,5210,5270,4882.431641,10154
2013-10-22,5210,5340,5210,5340,4947.28418,8330
2013-10-23,5310,5340,5190,5190,4808.31543,26481
2013-10-24,5100,5270,5080,5220,4836.109375,31340
2013-10-25,5350,5350,5230,5280,4891.696777,10630
2013-10-28,5280,5340,5270,5270,4882.431641,22844
2013-10-29,5370,5370,5250,5320,4928.754883,15390
2013-10-30,5360,5360,5250,5290,4900.960938,3390
2013-10-31,5250,5290,5220,5240,4854.638184,5600
2013-11-01,5390,5390,5210,5280,4891.696777,3091
2013-11-04,5340,5400,5260,5330,4938.019531,11003
2013-11-05,5410,5410,5200,5220,4836.109375,11533
2013-11-06,5220,5330,5200,5220,4836.109375,5350
2013-11-07,5210,5340,5200,5250,4863.902832,4192
2013-11-08,5250,5350,5150,5190,4808.31543,17300
2013-11-11,5120,5190,5100,5100,4724.93457,20851
2013-11-12,5030,5240,5020,5230,4845.373535,12824
2013-11-13,5290,5290,5100,5110,4734.19873,6520
2013-11-14,5100,5180,5030,5050,4678.611328,8214
2013-11-15,5120,5320,5040,5150,4771.257324,12556
2013-11-18,5090,5270,5080,5190,4808.31543,10545
2013-11-19,5120,5240,5050,5140,4761.993164,25611
2013-11-20,5140,5160,5080,5130,4752.728027,4939
2013-11-21,5050,5140,5040,5110,4734.19873,7544
2013-11-22,5140,5150,5050,5060,4687.875977,7340
2013-11-25,5070,5140,5000,5080,4706.405273,8610
2013-11-26,5080,5160,5060,5060,4687.875977,6410
2013-11-27,5120,5130,4990,5010,4641.553223,9222
2013-11-28,5080,5150,5030,5030,4660.08252,11553
2013-11-29,5090,5150,5060,5120,4743.463867,6330
2013-12-02,5190,5190,5060,5100,4724.93457,5470
2013-12-03,5060,5190,4995,4995,4627.655762,12620
2013-12-04,5000,5060,4960,5010,4641.553223,12876
2013-12-05,5020,5060,4965,4965,4599.862305,7560
2013-12-06,4900,5020,4900,4930,4567.436523,12480
2013-12-09,4955,5000,4930,4930,4567.436523,9163
2013-12-10,4860,4960,4860,4875,4516.480957,9094
2013-12-11,4840,4990,4830,4915,4553.539551,7230
2013-12-12,4750,4925,4750,4845,4488.687988,4113
2013-12-13,4980,4980,4810,4900,4539.642578,11292
2013-12-16,4850,4930,4815,4835,4479.422852,7900
2013-12-17,4875,4875,4825,4830,4474.791016,3552
2013-12-18,4850,4850,4675,4680,4335.822266,18656
2013-12-19,4690,4700,4615,4660,4317.292969,12852
2013-12-20,4615,4720,4605,4615,4275.602539,7628
2013-12-23,4640,4720,4600,4650,4308.02832,11140
2013-12-24,4585,4680,4585,4620,4280.234375,9004
2013-12-26,4620,4700,4600,4670,4326.557129,10709
2013-12-27,4670,4675,4580,4675,4425.963867,6291
2013-12-30,4780,4780,4690,4720,4468.566895,8131
2014-01-02,4720,4820,4680,4790,4534.837891,10120
2014-01-03,4805,4835,4735,4800,4544.305664,11190
2014-01-06,4800,4875,4750,4855,4596.375488,6882
2014-01-07,4780,4880,4780,4870,4610.57666,4412
2014-01-08,4885,5030,4830,5020,4752.586426,17008
2014-01-09,5020,5170,5020,5040,4771.520508,24090
2014-01-10,5030,5080,4900,4990,4724.184082,14220
2014-01-13,5070,5070,4920,4950,4686.314941,9110
2014-01-14,4910,5130,4910,5010,4743.118652,7611
2014-01-15,5020,5070,4970,5060,4790.455566,3632
2014-01-16,5020,5090,4955,5070,4799.922852,7243
2014-01-17,4990,5150,4985,5030,4762.053223,12503
2014-01-20,5000,5130,5000,5040,4771.520508,7804
2014-01-21,5110,5110,5040,5080,4809.389648,9210
2014-01-22,5160,5160,5060,5060,4790.455566,9415
2014-01-23,5150,5150,5050,5050,4780.987793,15530
2014-01-24,5050,5150,5050,5080,4809.389648,4820
2014-01-27,5030,5090,4995,5080,4809.389648,8660
2014-01-28,5120,5120,4970,5020,4752.586426,10661
2014-01-29,5130,5130,5000,5030,4762.053223,6300
2014-02-03,5030,5080,4970,4985,4719.450195,7110
2014-02-04,5000,5000,4900,4900,4638.978516,16930
2014-02-05,4900,4975,4815,4900,4638.978516,6910
2014-02-06,4900,4950,4830,4930,4667.380371,11960
2014-02-07,4830,4945,4830,4900,4638.978516,12080
2014-02-10,4975,4975,4870,4935,4672.11377,6060
2014-02-11,4920,4990,4920,4970,4705.249512,5650
2014-02-12,4920,5030,4920,4980,4714.716797,9294
2014-02-13,5010,5010,4955,4990,4724.184082,3930
2014-02-14,4950,5020,4950,4980,4714.716797,1240
2014-02-17,5010,5100,4940,5080,4809.389648,20450
2014-02-18,5090,5090,5000,5020,4752.586426,6580
2014-02-19,5010,5260,5000,5200,4922.998047,37941
2014-02-20,5280,5980,5200,5780,5472.101074,370141
2014-02-21,5900,6370,5530,5770,5462.633789,978254
2014-02-24,5740,5810,5520,5780,5472.101074,138828
2014-02-25,5850,5880,5460,5490,5197.549805,121611
2014-02-26,5490,5550,5280,5290,5008.203125,147005
2014-02-27,5310,5400,5250,5390,5102.876465,47165
2014-02-28,5370,5470,5320,5460,5169.146973,61280
2014-03-03,5460,5460,5310,5340,5055.539551,24361
2014-03-04,5250,5370,5250,5320,5036.605469,27745
2014-03-05,5450,5450,5350,5410,5121.811035,24670
2014-03-06,5420,5460,5360,5400,5112.34375,30190
2014-03-07,5420,5580,5400,5530,5235.418457,48378
2014-03-10,5540,5600,5350,5400,5112.34375,41900
2014-03-11,5370,5490,5350,5490,5197.549805,31754
2014-03-12,5530,5530,5390,5500,5207.016113,36505
2014-03-13,5490,5590,5440,5570,5273.287598,24090
2014-03-14,5520,5820,5500,5740,5434.231934,80264
2014-03-17,5760,5850,5670,5750,5443.699707,25182
2014-03-18,5810,6000,5660,5940,5623.578125,60348
2014-03-19,5990,6050,5760,5810,5500.50293,45456
2014-03-20,5810,5900,5670,5800,5491.035645,32386
2014-03-21,5850,5850,5650,5730,5424.764648,32500
2014-03-24,5690,5700,5540,5630,5330.091309,47000
2014-03-25,5600,5660,5430,5490,5197.549805,44005
2014-03-26,5500,5630,5500,5600,5301.689453,40370
2014-03-27,5590,5730,5590,5600,5301.689453,27910
2014-03-28,5830,5830,5550,5770,5462.633789,40310
2014-03-31,6000,6200,5890,5960,5642.512695,123284
2014-04-01,6090,6090,5830,6040,5718.250977,57832
2014-04-02,6040,6150,5930,6070,5746.652832,68882
2014-04-03,6090,6300,6070,6170,5841.325684,142492
2014-04-04,6200,6760,6100,6640,6286.289063,353774
2014-04-07,6580,6980,6580,6950,6579.775391,212585
2014-04-08,6950,7080,6800,7070,6693.382813,153218
2014-04-09,7110,7400,7010,7400,7005.804199,182192
2014-04-10,7400,7440,7040,7100,6721.785156,137044
2014-04-11,7010,7270,6850,7160,6778.588379,193778
2014-04-14,7050,7250,6990,7130,6750.187012,50800
2014-04-15,7040,7140,6940,7010,6636.57959,147070
2014-04-16,7010,7870,6900,7550,7147.813965,393117
2014-04-17,7650,7790,7420,7690,7280.355957,129235
2014-04-18,7700,7720,7470,7470,7072.075195,108166
2014-04-21,7640,7640,7250,7300,6911.130859,66610
2014-04-22,7300,7540,7130,7520,7119.411621,90069
2014-04-23,7450,7630,7400,7500,7100.477051,61001
2014-04-24,7510,7510,7150,7300,6911.130859,91590
2014-04-25,7230,7340,7110,7110,6731.252441,35508
2014-04-28,7110,7280,7010,7030,6655.513672,29510
2014-04-29,7030,7280,6920,7030,6655.513672,33356
2014-04-30,7120,7280,7030,7250,6863.794434,27983
2014-05-02,7250,7450,7150,7190,6806.991211,16601
2014-05-07,7190,7340,7060,7240,6854.327148,23243
2014-05-08,7250,7300,7050,7220,6835.393066,31420
2014-05-09,7280,7300,7150,7220,6835.393066,17264
2014-05-12,7220,7220,7090,7100,6721.785156,28484
2014-05-13,7050,7050,6750,6830,6466.16748,85328
2014-05-14,6800,6850,6600,6610,6257.887207,78198
2014-05-15,6610,6680,6300,6400,6059.07373,206861
2014-05-16,6400,6480,6310,6370,6030.671875,71825
2014-05-19,6370,6400,6140,6150,5822.391602,59351
2014-05-20,6260,6260,6040,6240,5907.59668,23880
2014-05-21,6100,6400,6100,6400,6059.07373,33740
2014-05-22,6430,6500,6370,6370,6030.671875,20481
2014-05-23,6400,6460,6260,6420,6078.008789,12580
2014-05-26,6710,6890,6360,6400,6059.07373,122620
2014-05-27,6490,6550,6340,6480,6134.8125,46960
2014-05-28,6540,6890,6540,6810,6447.233398,112815
2014-05-29,6850,6850,6630,6800,6437.766113,29960
2014-05-30,6800,6800,6640,6660,6305.223633,29900
2014-06-02,6750,6750,6300,6300,5964.400879,39025
2014-06-03,6300,6300,6130,6200,5869.728027,35576
2014-06-05,6200,6480,6130,6200,5869.728027,48785
2014-06-09,6200,6240,5820,5930,5614.110352,72053
2014-06-10,5980,6200,5880,5950,5633.04541,30770
2014-06-11,5940,6100,5840,5860,5547.839355,32213
2014-06-12,5860,6100,5800,6090,5765.587891,36913
2014-06-13,6100,6140,5990,6070,5746.652832,9780
2014-06-16,6070,6070,5700,5770,5462.633789,89124
2014-06-17,5830,5910,5690,5790,5481.568359,99784
2014-06-18,5800,5920,5710,5900,5585.708496,45795
2014-06-19,5880,6060,5880,6000,5680.381836,28282
2014-06-20,5900,6070,5900,5980,5661.446777,7615
2014-06-23,5990,5990,5760,5760,5453.166016,26782
2014-06-24,5840,5840,5720,5790,5481.568359,8260
2014-06-25,5800,5900,5700,5890,5576.241699,26735
2014-06-26,5850,6050,5840,6050,5727.718262,56286
2014-06-27,6110,6110,5890,6060,5737.185547,15848
2014-06-30,6070,6450,6050,6400,6059.07373,102300
2014-07-01,6420,6530,6240,6340,6002.270508,40106
2014-07-02,6270,6380,6240,6300,5964.400879,18736
2014-07-03,6350,6410,6260,6400,6059.07373,27497
2014-07-04,6370,6600,6370,6590,6238.952637,33517
2014-07-07,6530,6760,6480,6700,6343.092773,36445
2014-07-08,6570,6780,6570,6660,6305.223633,25801
2014-07-09,6600,6600,6460,6460,6115.87793,36324
2014-07-10,6460,6560,6350,6510,6163.214355,21296
2014-07-11,6390,6600,6390,6530,6182.148926,11942
2014-07-14,6600,6680,6480,6600,6248.42041,34429
2014-07-15,6680,6680,6200,6270,5935.999023,71371
2014-07-16,6290,6310,6150,6200,5869.728027,31192
2014-07-17,6200,6280,6130,6280,5945.466309,31353
2014-07-18,6280,6290,6020,6040,5718.250977,52643
2014-07-21,6040,6120,6040,6040,5718.250977,8404
2014-07-22,6010,6080,5930,6040,5718.250977,36870
2014-07-23,6100,6230,5980,6180,5850.792969,24367
2014-07-24,6180,6180,5960,6050,5727.718262,40096
2014-07-25,6050,6100,6000,6040,5718.250977,11823
2014-07-28,5980,6060,5920,6000,5680.381836,28465
2014-07-29,6000,6220,5950,6000,5680.381836,55851
2014-07-30,6070,6120,5980,6050,5727.718262,15614
2014-07-31,6050,6200,6020,6130,5803.457031,14915
2014-08-01,6000,6270,6000,6190,5860.260254,11160
2014-08-04,6080,6190,6000,6130,5803.457031,10235
2014-08-05,6100,6150,6050,6120,5793.989258,4877
2014-08-06,6050,6110,6010,6090,5765.587891,13715
2014-08-07,6150,6150,5950,5950,5633.04541,15324
2014-08-08,5990,6040,5840,6000,5680.381836,15730
2014-08-11,6000,6090,5920,6000,5680.381836,8025
2014-08-12,5950,6070,5900,5960,5642.512695,5655
2014-08-13,5910,6050,5640,5660,5358.493652,129111
2014-08-14,5690,5800,5650,5660,5358.493652,33674
2014-08-18,5660,5840,5660,5740,5434.231934,24080
2014-08-19,5750,5890,5710,5890,5576.241699,17131
2014-08-20,5890,5900,5750,5750,5443.699707,15158
2014-08-21,5750,5940,5680,5690,5386.895508,29946
2014-08-22,5690,5760,5640,5710,5405.830078,22046
2014-08-25,5750,5800,5520,5520,5225.951172,48403
2014-08-26,5550,5640,5500,5510,5216.483887,46572
2014-08-27,5510,5740,5510,5670,5367.960449,21388
2014-08-28,5720,5770,5570,5700,5396.362793,31530
2014-08-29,5690,5700,5550,5550,5254.353027,26211
2014-09-01,5620,5630,5550,5570,5273.287598,9487
2014-09-02,5630,5630,5440,5520,5225.951172,61705
2014-09-03,5500,5540,5400,5400,5112.34375,21648
2014-09-04,5440,5440,5200,5200,4922.998047,56307
2014-09-05,5230,5250,5150,5230,4951.399414,26606
2014-09-11,5230,5590,5200,5440,5150.212891,40202
2014-09-12,5490,5550,5400,5440,5150.212891,22989
2014-09-15,5520,5530,5430,5500,5207.016113,53066
2014-09-16,5510,5740,5510,5740,5434.231934,55361
2014-09-17,5740,5930,5630,5740,5434.231934,41287
2014-09-18,5730,5780,5640,5680,5377.428223,17947
2014-09-19,5750,5750,5550,5650,5349.025879,31232
2014-09-22,5630,6080,5560,6040,5718.250977,110290
2014-09-23,6100,6100,5740,5870,5557.307129,25543
2014-09-24,5900,5900,5720,5810,5500.50293,13622
2014-09-25,5660,5990,5580,5730,5424.764648,15429
2014-09-26,5820,5820,5700,5750,5443.699707,12080
2014-09-29,5700,6000,5620,5820,5509.970703,26528
2014-09-30,5860,5870,5660,5740,5434.231934,7809
2014-10-01,5740,5800,5490,5550,5254.353027,15817
2014-10-02,5400,5550,5400,5460,5169.146973,15931
2014-10-06,5460,5490,5380,5450,5159.680176,12725
2014-10-07,5340,5490,5310,5310,5027.137695,32318
2014-10-08,5230,5390,5230,5380,5093.408691,9579
2014-10-10,5380,5440,5280,5310,5027.137695,11023
2014-10-13,5310,5310,4985,5050,4780.987793,42931
2014-10-14,4915,5100,4915,5050,4780.987793,31298
2014-10-15,5050,5110,4895,4900,4638.978516,55412
2014-10-16,4860,5100,4810,5100,4828.324219,25088
2014-10-17,5040,5160,5000,5010,4743.118652,22234
2014-10-20,5000,5060,4945,5010,4743.118652,14994
2014-10-21,4975,5050,4955,5020,4752.586426,7351
2014-10-22,4975,5080,4975,5020,4752.586426,10438
2014-10-23,4960,5020,4945,4990,4724.184082,20264
2014-10-24,4990,5010,4845,4865,4605.842773,34259
2014-10-27,4915,4915,4640,4680,4430.698242,99418
2014-10-28,4680,4770,4680,4685,4435.431641,22471
2014-10-29,4695,4810,4695,4740,4487.501465,33120
2014-10-30,4700,4795,4680,4760,4506.436035,29902
2014-10-31,4785,4935,4735,4930,4667.380371,34292
2014-11-03,4930,4965,4850,4950,4686.314941,24631
2014-11-04,4970,4980,4630,4675,4425.963867,47949
2014-11-05,4725,4755,4630,4630,4383.36084,32380
2014-11-06,4635,4675,4600,4675,4425.963867,20828
2014-11-07,4675,4735,4625,4730,4478.034668,7006
2014-11-10,4780,4780,4680,4700,4449.631836,18311
2014-11-11,4735,4860,4710,4850,4591.64209,21089
2014-11-12,4885,5000,4875,4915,4653.179199,34127
2014-11-13,4915,4975,4860,4925,4662.646973,10605
2014-11-14,5160,5380,5010,5150,4875.661133,114004
2014-11-17,5150,5150,4950,4970,4705.249512,26731
2014-11-18,4995,5050,4860,4935,4672.11377,29927
2014-11-19,4965,4975,4830,4880,4620.043945,35631
2014-11-20,4875,5030,4805,4995,4728.917969,35258
2014-11-21,4955,5070,4945,5020,4752.586426,16561
2014-11-24,4960,5060,4960,5000,4733.651367,22926
2014-11-25,5000,5030,4955,5030,4762.053223,7934
2014-11-26,5040,5040,4960,5010,4743.118652,11696
2014-11-27,5010,5060,4965,5000,4733.651367,18138
2014-11-28,5000,5070,4930,5000,4733.651367,13140
2014-12-01,5030,5030,4885,4885,4624.777344,11291
2014-12-02,4880,5040,4880,5000,4733.651367,14654
2014-12-03,4985,5050,4920,5010,4743.118652,19084
2014-12-04,4960,5010,4920,4995,4728.917969,15348
2014-12-05,5000,5010,4920,4950,4686.314941,15708
2014-12-08,4950,4980,4935,4945,4681.581543,12151
2014-12-09,4920,4990,4920,4945,4681.581543,5201
2014-12-10,4950,4960,4905,4950,4686.314941,16517
2014-12-11,4920,4945,4890,4910,4648.445313,9024
2014-12-12,4870,4940,4825,4850,4591.64209,14398
2014-12-15,4765,4850,4745,4800,4544.305664,15842
2014-12-16,4770,4770,4690,4760,4506.436035,28629
2014-12-17,4700,4760,4630,4640,4392.828613,72153
2014-12-18,4675,4710,4615,4670,4421.230469,26584
2014-12-19,4700,4865,4665,4790,4534.837891,14674
2014-12-22,4840,4840,4750,4750,4496.969238,9984
2014-12-23,4800,4820,4750,4780,4525.370605,8166
2014-12-24,4755,4830,4755,4770,4515.90332,19872
2014-12-26,4770,4850,4770,4835,4577.440918,12147
2014-12-29,4835,4835,4750,4805,4645.111328,10558
2014-12-30,4715,4830,4715,4785,4625.777344,12012
2015-01-02,4785,4900,4750,4855,4693.447754,5758
2015-01-05,4780,4895,4780,4860,4698.281738,14905
2015-01-06,4845,4860,4725,4795,4635.444336,18976
2015-01-07,4795,4860,4725,4845,4683.780762,4127
2015-01-08,4885,4885,4820,4870,4707.94873,10168
2015-01-09,4910,4910,4800,4850,4688.614258,11540
2015-01-12,4820,4870,4820,4850,4688.614258,11821
2015-01-13,4850,4850,4770,4790,4630.61084,20073
2015-01-14,4790,4790,4715,4785,4625.777344,18690
2015-01-15,4785,4895,4710,4855,4693.447754,13436
2015-01-16,4885,4885,4785,4815,4654.778809,7597
2015-01-19,4850,4850,4795,4835,4674.113281,6487
2015-01-20,4835,4945,4820,4930,4765.952148,34466
2015-01-21,4950,5150,4950,5150,4978.631348,52500
2015-01-22,5090,5240,4950,5000,4833.623047,32312
2015-01-23,5050,5120,5020,5060,4891.626465,16805
2015-01-26,5060,5060,4960,5020,4852.95752,26921
2015-01-27,5020,5080,4985,5000,4833.623047,12159
2015-01-28,5010,5070,4950,5060,4891.626465,8336
2015-01-29,5090,5270,5030,5270,5094.638672,48751
2015-01-30,5310,5430,5250,5300,5123.640625,36175
2015-02-02,5260,5280,5130,5200,5026.967773,13153
2015-02-03,5300,5300,5110,5200,5026.967773,18049
2015-02-04,5220,5370,5200,5370,5191.311035,32914
2015-02-05,5340,5430,5260,5360,5181.643555,19614
2015-02-06,5360,5360,5230,5250,5075.304199,10588
2015-02-09,5290,5300,5100,5190,5017.300293,16077
2015-02-10,5190,5200,5100,5170,4997.966309,12642
2015-02-11,5170,5180,5120,5160,4988.299316,17000
2015-02-12,5220,5220,5070,5170,4997.966309,6775
2015-02-13,5200,5200,5080,5160,4988.299316,25627
2015-02-16,5220,5220,5100,5180,5007.633301,5472
2015-02-17,5230,5230,4970,5010,4843.290039,81987
2015-02-23,5010,5080,4950,5070,4901.293457,11626
2015-02-24,5090,5140,5030,5080,4910.960938,15224
2015-02-25,5090,5210,5070,5140,4968.964355,15319
2015-02-26,5140,5330,5080,5310,5133.307617,43671
2015-02-27,5370,5370,5230,5290,5113.973145,20488
2015-03-02,5300,5410,5250,5400,5220.3125,27005
2015-03-03,5310,5500,5310,5440,5258.981934,43069
2015-03-04,5430,5480,5430,5470,5287.983398,17583
2015-03-05,5480,5690,5450,5540,5355.653809,37387
2015-03-06,5520,5760,5470,5630,5442.659668,50466
2015-03-09,5720,5720,5510,5510,5326.652832,17065
2015-03-10,5580,5970,5510,5860,5665.006348,162830
2015-03-11,5710,6020,5700,5850,5655.338867,83519
2015-03-12,5930,5930,5590,5660,5471.661133,37772
2015-03-13,5700,5710,5520,5570,5384.655762,26690
2015-03-16,5640,5690,5500,5650,5461.994141,34753
2015-03-17,5740,5740,5580,5640,5452.32666,10200
2015-03-18,5610,5680,5560,5570,5384.655762,22516
2015-03-19,5570,5630,5550,5620,5432.992188,16711
2015-03-20,5620,5720,5580,5700,5510.330078,16392
2015-03-23,5650,5760,5650,5750,5558.666016,18728
2015-03-24,5750,5780,5690,5690,5500.663086,15973
2015-03-25,5650,5690,5570,5680,5490.995605,18574
2015-03-26,5680,5680,5540,5570,5384.655762,19220
2015-03-27,5620,5630,5480,5560,5374.98877,14021
2015-03-30,5520,5790,5520,5790,5597.335449,44817
2015-03-31,5800,5990,5750,5840,5645.671387,70226
2015-04-01,5890,5900,5740,5770,5578.000977,32653
2015-04-02,5830,5930,5780,5900,5703.675293,36880
2015-04-03,5900,5950,5850,5850,5655.338867,23032
2015-04-06,5870,5990,5810,5900,5703.675293,22675
2015-04-07,5950,6100,5940,5970,5771.345703,55480
2015-04-08,6150,6300,6020,6080,5877.685547,114048
2015-04-09,6130,6150,5890,5920,5723.009277,46546
2015-04-10,5890,5920,5720,5750,5558.666016,72572
2015-04-13,5820,5940,5760,5820,5626.336914,42190
2015-04-14,5770,5880,5760,5840,5645.671387,51034
2015-04-15,5840,6010,5790,5960,5761.678223,60260
2015-04-16,6000,6000,5800,5870,5674.67334,26862
2015-04-17,5920,5920,5730,5750,5558.666016,44431
2015-04-20,5730,5750,5570,5740,5548.999023,40468
2015-04-21,5740,5790,5680,5750,5558.666016,14554
2015-04-22,5750,5800,5630,5780,5587.667969,51797
2015-04-23,5800,5820,5640,5640,5452.32666,25708
2015-04-24,5700,5730,5590,5660,5471.661133,20600
2015-04-27,5660,5710,5590,5670,5481.328125,2948
2015-04-28,5700,5700,5510,5580,5394.323242,37035
2015-04-29,5580,5620,5440,5620,5432.992188,28492
2015-04-30,5620,5760,5530,5640,5452.32666,16807
2015-05-04,5640,5670,5500,5630,5442.659668,5537
2015-05-06,5630,5660,5400,5480,5297.650879,27509
2015-05-07,5470,5500,5380,5460,5278.316406,28560
2015-05-08,5490,5490,5200,5420,5239.647461,14216
2015-05-11,5480,5570,5450,5520,5336.319824,16205
2015-05-12,5550,5580,5430,5520,5336.319824,9253
2015-05-13,5530,5620,5450,5570,5384.655762,13111
2015-05-14,5570,5570,5450,5560,5374.98877,6575
2015-05-15,5560,5560,5440,5540,5355.653809,10607
2015-05-18,5540,5540,5270,5280,5104.305664,23702
2015-05-19,5330,5330,5140,5190,5017.300293,29922
2015-05-20,5240,5270,5150,5180,5007.633301,17521
2015-05-21,5150,5290,5100,5160,4988.299316,29495
2015-05-22,5160,5220,5060,5180,5007.633301,61943
2015-05-26,5180,5350,5150,5280,5104.305664,33053
2015-05-27,5330,5330,5150,5210,5036.635254,27616
2015-05-28,5300,5300,4970,5120,4949.629883,64904
2015-05-29,5130,5880,5120,5350,5171.976563,954696
2015-06-01,5350,5350,5160,5230,5055.969727,83302
2015-06-02,5260,5320,5140,5210,5036.635254,61439
2015-06-03,5200,5510,5200,5330,5152.64209,56348
2015-06-04,5270,5370,5250,5310,5133.307617,27318
2015-06-05,5310,5400,5240,5300,5123.640625,28017
2015-06-08,5260,5590,5250,5550,5365.321777,76665
2015-06-09,5590,5610,5460,5530,5345.986816,27966
2015-06-10,5530,5580,5410,5460,5278.316406,16457
2015-06-11,5500,5520,5410,5460,5278.316406,29569
2015-06-12,5510,5640,5480,5540,5355.653809,49558
2015-06-15,5560,5830,5470,5790,5597.335449,98897
2015-06-16,5770,5800,5560,5610,5423.324707,45853
2015-06-17,5750,5750,5100,5270,5094.638672,214444
2015-06-18,5270,5390,5200,5230,5055.969727,36450
2015-06-19,5230,5250,5150,5210,5036.635254,20809
2015-06-22,5240,5310,5140,5260,5084.971191,23635
2015-06-23,5310,5330,5200,5230,5055.969727,25239
2015-06-24,5310,5350,5220,5340,5162.30957,32129
2015-06-25,5380,5480,5300,5450,5268.648926,36671
2015-06-26,5520,5540,5300,5430,5249.314453,21131
2015-06-29,5340,5340,5150,5150,4978.631348,32667
2015-06-30,5210,5210,5120,5190,5017.300293,7996
2015-07-01,5220,5330,5160,5250,5075.304199,18416
2015-07-02,5340,5500,5250,5430,5249.314453,68769
2015-07-03,5540,5540,5400,5460,5278.316406,18113
2015-07-06,5490,5540,5330,5400,5220.3125,57420
2015-07-07,5470,5470,5320,5400,5220.3125,44340
2015-07-08,5430,5580,5390,5520,5336.319824,69069
2015-07-09,5510,5570,5340,5540,5355.653809,24145
2015-07-10,5510,5580,5470,5480,5297.650879,27959
2015-07-13,5570,5570,5410,5570,5384.655762,33859
2015-07-14,5600,5600,5450,5510,5326.652832,21976
2015-07-15,5590,5590,5400,5520,5336.319824,38154
2015-07-16,5500,5570,5250,5440,5258.981934,40739
2015-07-17,5560,5560,5400,5440,5258.981934,12153
2015-07-20,5540,5540,5300,5400,5220.3125,24396
2015-07-21,5480,5480,5360,5370,5191.311035,35310
2015-07-22,5370,6150,5370,5870,5674.67334,395693
2015-07-23,5850,5920,5670,5730,5539.332031,121420
2015-07-24,5680,5720,5570,5660,5471.661133,75720
2015-07-27,5640,5700,5380,5470,5287.983398,82993
2015-07-28,5460,5470,5300,5360,5181.643555,40848
2015-07-29,5420,5440,5290,5290,5113.973145,24258
2015-07-30,5300,5340,5210,5250,5075.304199,29064
2015-07-31,5270,5360,5230,5340,5162.30957,14177
2015-08-03,5410,5410,5290,5290,5113.973145,6719
2015-08-04,5350,5390,5230,5360,5181.643555,11429
2015-08-05,5430,5430,5330,5400,5220.3125,10680
2015-08-06,5390,5500,5230,5290,5113.973145,46765
2015-08-07,5290,5340,5240,5250,5075.304199,13819
2015-08-10,5270,5300,5240,5240,5065.636719,19002
2015-08-11,5240,5340,5200,5250,5075.304199,16191
2015-08-12,5250,5350,5110,5180,5007.633301,24499
2015-08-13,5180,5280,5140,5230,5055.969727,11182
2015-08-14,5230,5230,5230,5230,5055.969727,0
2015-08-17,5290,5290,5010,5060,4891.626465,14922
2015-08-18,5110,5150,4900,4905,4741.78418,32314
2015-08-19,4900,4900,4610,4850,4688.614258,72683
2015-08-20,4895,4895,4715,4740,4582.274902,21439
2015-08-21,4550,4750,4500,4750,4591.941895,84091
2015-08-24,4500,4800,4500,4580,4427.598633,25554
2015-08-25,4580,4620,4500,4605,4451.76709,70095
2015-08-26,4605,4760,4605,4750,4591.941895,23241
2015-08-27,4880,4880,4750,4755,4596.775391,12236
2015-08-28,4830,4945,4825,4870,4707.94873,10598
2015-08-31,4870,4900,4830,4870,4707.94873,10536
2015-09-01,4950,4950,4820,4870,4707.94873,8282
2015-09-02,4910,4910,4765,4860,4698.281738,9030
2015-09-03,4915,4915,4825,4840,4678.946777,5250
2015-09-04,4840,5050,4840,4950,4785.287109,56363
2015-09-07,5030,5030,4825,4990,4823.956055,7005
2015-09-08,5030,5040,4870,4920,4756.285156,10548
2015-09-09,4990,4990,4830,4930,4765.952148,19612
2015-09-10,4980,4980,4800,4900,4736.950195,18737
2015-09-11,4940,4940,4825,4900,4736.950195,3921
2015-09-14,4990,4990,4830,4880,4717.616211,8826
2015-09-15,4890,4890,4810,4885,4722.449707,9679
2015-09-16,4925,4925,4810,4890,4727.283203,6161
2015-09-17,4970,4970,4830,4880,4717.616211,11519
2015-09-18,4980,4980,4890,4925,4761.118652,10880
2015-09-21,4990,4990,4835,4905,4741.78418,8009
2015-09-22,4970,4970,4855,4935,4770.785645,11403
2015-09-23,4970,4970,4800,4915,4751.45166,12796
2015-09-24,4915,4950,4805,4895,4732.116699,24791
2015-09-25,4895,4915,4835,4880,4717.616211,7037
2015-09-30,4895,5040,4800,4985,4819.12207,22250
2015-10-01,5040,5070,4985,5010,4843.290039,20135
2015-10-02,5050,5050,4905,4905,4741.78418,14664
2015-10-05,4970,5070,4905,5000,4833.623047,22684
2015-10-06,5050,5050,4960,5000,4833.623047,12994
2015-10-07,5000,5040,4960,4970,4804.621094,46401
2015-10-08,5030,5050,4965,5000,4833.623047,16041
2015-10-12,5000,5040,4980,4995,4828.789551,9888
2015-10-13,5000,5060,4910,5060,4891.626465,27461
2015-10-14,5050,5150,5030,5100,4930.29541,37890
2015-10-15,5090,5190,5080,5150,4978.631348,35025
2015-10-16,5180,5280,5130,5270,5094.638672,55848
2015-10-19,5310,5450,5310,5370,5191.311035,54698
2015-10-20,5370,5400,5290,5370,5191.311035,41712
2015-10-21,5350,5360,5150,5240,5065.636719,41330
2015-10-22,5240,5280,5050,5090,4920.628418,28676
2015-10-23,5040,5150,4975,5090,4920.628418,9995
2015-10-26,5190,5200,5070,5190,5017.300293,18708
2015-10-27,5180,5240,5100,5110,4939.962402,21267
2015-10-28,5110,5210,5070,5070,4901.293457,18274
2015-10-29,5070,5180,5040,5120,4949.629883,21485
2015-10-30,5150,5290,5030,5040,4872.291992,47146
2015-11-02,5140,5200,5060,5150,4978.631348,11213
2015-11-03,5150,5200,5070,5090,4920.628418,25315
2015-11-04,5110,5150,5050,5080,4910.960938,14658
2015-11-05,5090,5120,5020,5080,4910.960938,8625
2015-11-06,4980,5200,4975,5190,5017.300293,58218
2015-11-09,5460,6700,5270,6700,6477.055176,1930379
2015-11-10,6800,7950,5670,5740,5548.999023,4155160
2015-11-11,6000,6430,5460,5510,5326.652832,1465274
2015-11-12,5660,5720,5400,5550,5365.321777,520264
2015-11-13,5750,5780,5340,5370,5191.311035,385137
2015-11-16,5230,5430,5120,5420,5239.647461,255891
2015-11-17,5450,5470,5320,5410,5229.97998,179427
2015-11-18,5400,5440,5180,5210,5036.635254,231775
2015-11-19,5300,5350,5210,5250,5075.304199,98298
2015-11-20,5230,5290,5160,5250,5075.304199,118270
2015-11-23,5220,5430,5210,5430,5249.314453,151912
2015-11-24,5490,5640,5400,5550,5365.321777,189732
2015-11-25,5550,5550,5400,5490,5307.317871,80215
2015-11-26,5670,5670,5400,5430,5249.314453,96479
2015-11-27,5470,5470,5320,5470,5287.983398,55608
2015-11-30,5470,5500,5330,5380,5200.978516,83001
2015-12-01,5380,5450,5300,5420,5239.647461,41130
2015-12-02,5490,5490,5380,5400,5220.3125,108382
2015-12-03,5400,5470,5310,5430,5249.314453,70745
2015-12-04,5410,5700,5370,5640,5452.32666,134901
2015-12-07,5740,5760,5520,5620,5432.992188,86982
2015-12-08,5580,5650,5490,5500,5316.985352,82941
2015-12-09,5550,6050,5500,5890,5694.007813,288379
2015-12-10,5920,5980,5380,5580,5394.323242,171673
2015-12-11,5650,5740,5470,5580,5394.323242,70727
2015-12-14,5570,5570,5320,5340,5162.30957,82726
2015-12-15,5350,5430,5350,5430,5249.314453,45517
2015-12-16,5370,5580,5370,5390,5210.645508,53411
2015-12-17,5460,5700,5440,5590,5403.990723,103402
2015-12-18,5520,5700,5480,5680,5490.995605,48782
2015-12-21,5600,5680,5410,5540,5355.653809,53299
2015-12-22,5600,5600,5430,5530,5345.986816,41109
2015-12-23,5530,5590,5440,5490,5307.317871,32165
2015-12-24,5490,5660,5390,5660,5471.661133,74274
2015-12-28,5660,5780,5560,5600,5413.657715,37582
2015-12-29,5530,5650,5520,5590,5502.244629,25088
2015-12-30,5690,5690,5430,5430,5344.756348,29518
2016-01-04,5430,5590,5370,5430,5344.756348,47214
2016-01-05,5350,5430,5340,5400,5315.227539,65412
2016-01-06,5400,5460,5260,5320,5236.483398,87915
2016-01-07,5360,5360,5120,5210,5128.210449,110882
2016-01-08,5080,5320,4985,5290,5206.954102,68605
2016-01-11,5160,5300,5150,5290,5206.954102,19674
2016-01-12,5190,5300,5140,5260,5177.425293,19971
2016-01-13,5170,5390,5170,5320,5236.483398,28780
2016-01-14,5290,5350,5250,5350,5266.012207,13522
2016-01-15,5390,5410,5000,5340,5256.169434,31424
2016-01-18,5260,5390,5210,5300,5216.797363,10017
2016-01-19,5300,5330,5130,5200,5118.367188,16618
2016-01-20,5200,5210,5050,5170,5088.838379,51056
2016-01-21,5050,5230,5000,5150,5069.152344,22371
2016-01-22,5240,5240,5080,5150,5069.152344,6629
2016-01-25,5210,5270,5070,5270,5187.268555,74866
2016-01-26,5650,5650,5200,5200,5118.367188,207382
2016-01-27,5160,5240,5120,5170,5088.838379,31361
2016-01-28,5190,5230,5140,5210,5128.210449,24245
2016-01-29,5200,5260,5150,5250,5167.58252,22890
2016-02-01,5250,5250,5150,5200,5118.367188,34129
2016-02-02,5200,5200,5100,5130,5049.466309,25968
2016-02-03,5070,5110,4980,5030,4951.036133,49448
2016-02-04,5030,5080,4990,5000,4921.506836,50177
2016-02-05,5010,5100,4995,5050,4970.722168,30798
2016-02-11,5050,5080,4840,4990,4911.664063,38635
2016-02-12,4905,4995,4760,4905,4827.998535,77630
2016-02-15,4900,5000,4900,4995,4916.585449,19161
2016-02-16,4995,5090,4970,5020,4941.192871,11456
2016-02-17,5190,5190,4990,5030,4951.036133,20536
2016-02-18,5060,5170,4960,5000,4921.506836,15451
2016-02-19,5050,5100,5010,5050,4970.722168,15288
2016-02-22,5050,5080,4920,5050,4970.722168,17129
2016-02-23,5050,5100,4995,5020,4941.192871,16392
2016-02-24,4965,5170,4960,5170,5088.838379,30483
2016-02-25,5170,5320,5160,5200,5118.367188,167743
2016-02-26,5200,5250,5150,5160,5078.995117,49982
2016-02-29,5170,5290,5160,5220,5138.053223,45529
2016-03-02,5220,5460,5220,5410,5325.070313,143514
2016-03-03,5450,5460,5300,5400,5315.227539,44271
2016-03-04,5430,5500,5370,5440,5354.599609,79854
2016-03-07,5440,5500,5400,5440,5354.599609,39984
2016-03-08,5440,5500,5420,5480,5393.97168,51005
2016-03-09,5470,5520,5430,5460,5374.285645,38243
2016-03-10,5460,5490,5420,5470,5384.128418,34601
2016-03-11,5470,5550,5450,5540,5453.029785,56373
2016-03-14,5590,5590,5450,5470,5384.128418,48065
2016-03-15,5480,5540,5400,5450,5364.442383,34383
2016-03-16,5500,5500,5380,5440,5354.599609,34568
2016-03-17,5490,5490,5400,5440,5354.599609,29360
2016-03-18,5420,5480,5410,5470,5384.128418,35554
2016-03-21,5550,5580,5470,5510,5423.500488,33702
2016-03-22,5510,5540,5440,5480,5393.97168,31483
2016-03-23,5500,5740,5500,5600,5512.087891,168870
2016-03-24,5720,5860,5630,5820,5728.634277,118779
2016-03-25,5850,5980,5730,5800,5708.948242,86988
2016-03-28,5800,5870,5670,5840,5748.320313,80223
2016-03-29,5840,5950,5820,5870,5777.849121,54088
2016-03-30,5930,5930,5840,5910,5817.221191,31872
2016-03-31,5920,5940,5840,5900,5807.378418,26575
2016-04-01,6000,6000,5600,5770,5679.418945,124426
2016-04-04,5770,5850,5680,5830,5738.477051,60437
2016-04-05,5830,5910,5800,5900,5807.378418,30112
2016-04-06,5950,5950,5850,5860,5768.006348,50865
2016-04-07,5860,5920,5820,5900,5807.378418,62069
2016-04-08,5910,6080,5800,6050,5955.023438,83233
2016-04-11,6050,6480,6000,6100,6004.238281,149852
2016-04-12,6100,6150,6050,6140,6043.610352,33985
2016-04-14,6140,6200,5860,5940,5846.750488,91065
2016-04-15,5940,5970,5700,5940,5846.750488,78575
2016-04-18,5940,5960,5780,5890,5797.535156,44678
2016-04-19,5890,5890,5700,5700,5610.518066,74306
2016-04-20,5690,5800,5670,5790,5699.10498,58737
2016-04-21,5770,5790,5660,5710,5620.36084,41820
2016-04-22,5690,5710,5580,5640,5551.459961,80696
2016-04-25,5660,5760,5500,5620,5531.773926,96951
2016-04-26,5570,5670,5550,5630,5541.616699,39301
2016-04-27,5620,5700,5600,5700,5610.518066,34400
2016-04-28,5700,5730,5660,5690,5600.674805,14810
2016-04-29,5680,5690,5520,5570,5482.558594,42483
2016-05-02,5600,5600,5460,5500,5413.657715,28450
2016-05-03,5560,6770,5500,5910,5817.221191,719437
2016-05-04,5910,5910,5630,5750,5659.73291,139534
2016-05-09,5750,5800,5570,5640,5551.459961,44482
2016-05-10,5540,5620,5500,5570,5482.558594,73514
2016-05-11,5530,5630,5450,5600,5512.087891,37026
2016-05-12,5600,5640,5490,5570,5482.558594,38184
2016-05-13,5570,5610,5480,5530,5443.186523,44626
2016-05-16,5530,5540,5250,5350,5266.012207,78760
2016-05-17,5300,5510,5300,5470,5384.128418,46353
2016-05-18,5500,5540,5400,5510,5423.500488,44292
2016-05-19,5440,5520,5330,5340,5256.169434,46020
2016-05-20,5320,5500,5260,5330,5246.326172,24253
2016-05-23,5420,5690,5360,5540,5453.029785,97472
2016-05-24,5600,5670,5470,5620,5531.773926,71259
2016-05-25,5650,5710,5550,5640,5551.459961,69966
2016-05-26,5600,5720,5600,5650,5561.302734,43629
2016-05-27,5710,5800,5650,5790,5699.10498,64829
2016-05-30,5810,5850,5710,5790,5699.10498,60077
2016-05-31,5790,5840,5730,5840,5748.320313,44764
2016-06-01,5840,5890,5650,5780,5689.262207,64945
2016-06-02,5790,5850,5740,5770,5679.418945,46079
2016-06-03,5770,5770,5610,5680,5590.832031,68311
2016-06-07,5680,5840,5650,5800,5708.948242,38621
2016-06-08,5800,5830,5720,5800,5708.948242,46418
2016-06-09,5840,6060,5810,6000,5905.808105,164807
2016-06-10,6050,6050,5870,5920,5827.064453,63862
2016-06-13,5950,6510,5920,5940,5846.750488,275524
2016-06-14,5960,6550,5950,6260,6161.726563,786077
2016-06-15,6280,6440,6170,6330,6230.62793,250277
2016-06-16,6410,6420,5850,5930,5836.907227,270012
2016-06-17,5930,6090,5890,5960,5866.436035,169604
2016-06-20,6030,6700,6020,6700,6594.819336,743154
2016-06-21,7020,7070,6460,6840,6732.621582,980384
2016-06-22,6350,6410,6020,6080,5984.552246,559627
2016-06-23,6010,6080,5670,5700,5610.518066,303916
2016-06-24,5710,5760,5070,5350,5266.012207,412902
2016-06-27,5050,5360,5050,5280,5197.111328,112227
2016-06-28,5270,5320,5080,5300,5216.797363,71246
2016-06-29,5440,5460,5350,5350,5266.012207,74935
2016-06-30,5410,5500,5360,5440,5354.599609,58051
2016-07-01,5440,5510,5400,5420,5334.913574,57035
2016-07-04,5440,5580,5400,5540,5453.029785,48093
2016-07-05,5500,5560,5450,5530,5443.186523,30625
2016-07-06,5530,5530,5330,5470,5384.128418,57996
2016-07-07,5470,5550,5410,5470,5384.128418,28753
2016-07-08,5460,5630,5390,5630,5541.616699,250412
2016-07-11,6260,6420,5790,5880,5787.692383,597795
2016-07-12,5880,5880,5670,5750,5659.73291,131743
2016-07-13,5750,5790,5660,5710,5620.36084,64445
2016-07-14,5670,5750,5660,5750,5659.73291,45466
2016-07-15,5800,5800,5670,5740,5649.890137,45291
2016-07-18,5740,5880,5600,5620,5531.773926,70004
2016-07-19,5620,5700,5590,5630,5541.616699,29167
2016-07-20,5590,5690,5530,5550,5462.872559,48504
2016-07-21,5560,5740,5550,5730,5640.046875,45829
2016-07-22,5700,5760,5610,5660,5571.145996,42753
2016-07-25,5660,5850,5660,5790,5699.10498,75535
2016-07-26,5870,5870,5730,5780,5689.262207,45663
2016-07-27,5810,5830,5670,5750,5659.73291,59109
2016-07-28,5710,5800,5710,5770,5679.418945,36005
2016-07-29,5770,5820,5750,5780,5689.262207,22693
2016-08-01,5780,5820,5700,5780,5689.262207,38462
2016-08-02,5780,5910,5750,5790,5699.10498,61794
2016-08-03,5840,5840,5650,5710,5620.36084,74147
2016-08-04,5680,5760,5630,5720,5630.204102,60656
2016-08-05,5700,5750,5600,5630,5541.616699,100825
2016-08-08,5680,5680,5600,5600,5512.087891,57382
2016-08-09,5610,5660,5550,5620,5531.773926,44862
2016-08-10,5600,5700,5570,5650,5561.302734,46001
2016-08-11,5660,5660,5570,5580,5492.401855,29647
2016-08-12,5590,5660,5490,5600,5512.087891,45041
2016-08-16,5600,5650,5570,5580,5492.401855,26847
2016-08-17,5580,5760,5580,5760,5669.576172,74086
2016-08-18,5790,5880,5710,5720,5630.204102,79099
2016-08-19,5730,5790,5710,5760,5669.576172,36547
2016-08-22,5750,5870,5700,5870,5777.849121,132177
2016-08-23,5810,5900,5810,5890,5797.535156,71060
2016-08-24,5890,5940,5750,5800,5708.948242,77481
2016-08-25,5800,5830,5720,5750,5659.73291,24223
2016-08-26,5750,5780,5560,5610,5521.930664,64478
2016-08-29,5500,5590,5400,5410,5325.070313,73316
2016-08-30,5410,5490,5360,5460,5374.285645,32252
2016-08-31,5460,5500,5330,5400,5315.227539,38442
2016-09-01,5350,5510,5290,5460,5374.285645,34871
2016-09-02,5460,5510,5390,5470,5384.128418,26490
2016-09-05,5530,5550,5470,5490,5403.814453,19410
2016-09-06,5500,5550,5390,5500,5413.657715,33840
2016-09-07,5510,5510,5440,5460,5374.285645,11615
2016-09-08,5460,5500,5400,5420,5334.913574,15977
2016-09-09,5380,5460,5300,5340,5256.169434,18592
2016-09-12,5260,5340,5200,5220,5138.053223,22601
2016-09-13,5430,5460,5250,5310,5226.640137,30017
2016-09-19,5310,5350,5200,5240,5157.739258,23251
2016-09-20,5250,5800,5230,5430,5344.756348,286136
2016-09-21,5550,6340,5500,6320,6220.784668,1086070
2016-09-22,6120,6250,5740,5820,5728.634277,504863
2016-09-23,5900,5900,5710,5830,5738.477051,105797
2016-09-26,5900,6040,5750,5850,5758.163086,113146
2016-09-27,5770,5830,5690,5720,5630.204102,88564
2016-09-28,5730,5830,5720,5820,5728.634277,74596
2016-09-29,5860,5890,5730,5810,5718.791016,67943
2016-09-30,5790,5800,5730,5800,5708.948242,41599
2016-10-04,5800,5950,5780,5870,5777.849121,81705
2016-10-05,5870,5900,5780,5830,5738.477051,31868
2016-10-06,5800,6050,5790,6000,5905.808105,165288
2016-10-07,6010,6010,5770,5780,5689.262207,84705
2016-10-10,5750,5890,5730,5820,5728.634277,51430
2016-10-11,5830,5930,5770,5900,5807.378418,49236
2016-10-12,5930,6000,5840,5900,5807.378418,50713
2016-10-13,5900,5960,5820,5850,5758.163086,29083
2016-10-14,5850,5910,5780,5850,5758.163086,26380
2016-10-17,5780,5870,5730,5780,5689.262207,30049
2016-10-18,5780,5990,5730,5980,5886.12207,77755
2016-10-19,6020,6020,5630,5850,5758.163086,39781
2016-10-20,5850,5910,5760,5790,5699.10498,41714
2016-10-21,5790,6000,5760,5980,5886.12207,49130
2016-10-24,5910,6080,5840,6030,5935.337402,107664
2016-10-25,6040,6090,5830,5930,5836.907227,93639
2016-10-26,5870,5980,5700,5790,5699.10498,54842
2016-10-27,5790,5850,5740,5780,5689.262207,25234
2016-10-28,5790,5990,5790,5920,5827.064453,57632
2016-10-31,5920,6020,5780,5920,5827.064453,79942
2016-11-01,5930,6230,5880,6230,6132.197754,231048
2016-11-02,6200,6350,5930,5980,5886.12207,203024
2016-11-03,5830,6080,5730,5950,5856.593262,78845
2016-11-04,5950,6050,5770,5820,5728.634277,64955
2016-11-07,5820,6060,5800,6060,5964.866211,62752
2016-11-08,6090,6180,5970,6060,5964.866211,72215
2016-11-09,6060,6660,5700,6200,6102.668457,907674
2016-11-10,6410,6530,6280,6350,6250.313965,191805
2016-11-11,6370,6690,6360,6430,6329.058105,253029
2016-11-14,6450,6600,6350,6430,6329.058105,93914
2016-11-15,6340,6380,6110,6220,6122.354492,123877
2016-11-16,6220,6380,6190,6370,6270,40264
2016-11-17,6380,6490,6300,6370,6270,48026
2016-11-18,6360,6460,5940,5950,5856.593262,217643
2016-11-21,5950,5950,5760,5850,5758.163086,96116
2016-11-22,5860,6300,5860,6080,5984.552246,145451
2016-11-23,6140,6290,5890,5940,5846.750488,108967
2016-11-24,5920,5970,5770,5810,5718.791016,54657
2016-11-25,5820,5900,5800,5900,5807.378418,30417
2016-11-28,5810,5910,5800,5870,5777.849121,21468
2016-11-29,5830,5990,5820,5990,5895.965332,25509
2016-11-30,6000,6070,5880,5960,5866.436035,19364
2016-12-01,5900,6220,5900,6180,6082.982422,74390
2016-12-02,6100,6240,5930,6040,5945.180176,37870
2016-12-05,6110,6390,5970,6340,6240.470703,166724
2016-12-06,6340,6460,6180,6460,6358.586914,92957
2016-12-07,6400,6420,6160,6180,6082.982422,78261
2016-12-08,6140,6300,6120,6130,6033.767578,30773
2016-12-09,6200,6320,6130,6210,6112.511719,22341
2016-12-12,6250,6320,6170,6240,6142.040527,22811
2016-12-13,6260,6290,6070,6170,6073.139648,53460
2016-12-14,6120,6200,6080,6150,6053.453613,22242
2016-12-15,6080,6360,6080,6290,6191.255859,42967
2016-12-16,6270,6590,6250,6500,6397.958984,178674
2016-12-19,6490,6610,6420,6450,6348.744141,87169
2016-12-20,6460,6630,6320,6320,6220.784668,66473
2016-12-21,6320,6420,6250,6420,6319.214844,34121
2016-12-22,6420,6490,6270,6340,6240.470703,35120
2016-12-23,6350,6530,6310,6480,6378.272949,42947
2016-12-26,6430,6500,6350,6380,6279.842773,30839
2016-12-27,6340,6450,6310,6370,6270,23869
2016-12-28,6390,6390,6190,6240,6240,49175
2016-12-29,6230,6240,6080,6240,6240,33577
2017-01-02,6240,6310,6170,6230,6230,18200
2017-01-03,6230,6290,6120,6250,6250,48587
2017-01-04,6250,6290,6170,6190,6190,16221
2017-01-05,6210,6330,6150,6330,6330,19161
2017-01-06,6380,6390,6230,6230,6230,22050
2017-01-09,6230,6230,6100,6110,6110,37701
2017-01-10,6110,6130,6010,6090,6090,19763
2017-01-11,6070,6160,5990,6130,6130,23431
2017-01-12,6130,6130,5950,5990,5990,27359
2017-01-13,6070,6080,5920,5990,5990,62147
2017-01-16,6040,6050,5930,5930,5930,26774
2017-01-17,5990,6070,5890,5890,5890,25565
2017-01-18,5890,5930,5780,5910,5910,39419
2017-01-19,5910,5980,5830,5860,5860,16920
2017-01-20,5880,5890,5800,5800,5800,16540
2017-01-23,5800,5880,5780,5800,5800,20050
2017-01-24,5770,5820,5580,5580,5580,50642
2017-01-25,5640,5740,5480,5730,5730,30217
2017-01-26,5640,5770,5640,5730,5730,10019
2017-01-31,5730,5730,5560,5650,5650,36204
2017-02-01,5650,5730,5620,5690,5690,12300
2017-02-02,5690,5690,5490,5650,5650,53776
2017-02-03,5570,5680,5570,5600,5600,16825
2017-02-06,5610,5710,5520,5700,5700,21504
2017-02-07,5700,5700,5600,5680,5680,22079
2017-02-08,5670,5730,5590,5730,5730,14499
2017-02-09,5750,5800,5660,5770,5770,14676
2017-02-10,5780,5840,5710,5840,5840,13845
2017-02-13,5830,5830,5600,5620,5620,73382
2017-02-14,5620,5700,5560,5700,5700,20288
2017-02-15,5650,5700,5560,5660,5660,22855
2017-02-16,5640,5710,5630,5680,5680,8855
2017-02-17,5680,5790,5600,5700,5700,12919
2017-02-20,5700,5820,5620,5700,5700,16132
2017-02-21,5800,5800,5690,5730,5730,7589
2017-02-22,5750,5750,5670,5690,5690,6134
2017-02-23,5650,5740,5650,5670,5670,11797
2017-02-24,5700,5720,5630,5700,5700,12793
2017-02-27,5700,5700,5630,5640,5640,14608
2017-02-28,5640,5650,5490,5570,5570,40379
2017-03-02,5570,5570,5400,5460,5460,32354
2017-03-03,5400,5440,5260,5280,5280,50965
2017-03-06,5260,5310,5120,5160,5160,55975
2017-03-07,5160,5220,5140,5210,5210,26575
2017-03-08,5210,5300,5210,5250,5250,21208
2017-03-09,5250,5390,5250,5350,5350,13775
2017-03-10,5370,5370,5240,5370,5370,13655
2017-03-13,5360,5470,5360,5390,5390,16187
2017-03-14,5470,6180,5420,6070,6070,549709
2017-03-15,6300,6330,5830,5960,5960,242610
2017-03-16,5900,5930,5800,5890,5890,53112
2017-03-17,5790,6000,5760,5880,5880,46534
2017-03-20,5940,5940,5650,5710,5710,27519
2017-03-21,5730,5800,5650,5700,5700,27438
2017-03-22,5660,5780,5560,5720,5720,29834
2017-03-23,5740,5760,5630,5700,5700,16334
2017-03-24,5700,5840,5650,5740,5740,25821
2017-03-27,5780,5780,5660,5750,5750,18281
2017-03-28,5750,5920,5750,5880,5880,35540
2017-03-29,5860,5920,5820,5860,5860,14216
2017-03-30,5890,5890,5570,5820,5820,35914
2017-03-31,5820,6230,5720,6020,6020,167939
2017-04-03,6090,6090,5650,6050,6050,53655
2017-04-04,5960,6220,5930,5950,5950,52881
2017-04-05,6000,6090,5780,5880,5880,114738
2017-04-06,5880,5880,5720,5750,5750,60086
2017-04-07,5710,5810,5660,5800,5800,37728
2017-04-10,5800,5830,5580,5580,5580,65836
2017-04-11,5590,5810,5580,5680,5680,27382
2017-04-12,5680,6150,5620,5990,5990,255790
2017-04-13,6020,6130,5930,5930,5930,69365
2017-04-14,5930,6030,5850,6000,6000,36913
2017-04-17,5920,6090,5920,5970,5970,56892
2017-04-18,6070,6300,6000,6170,6170,121116
2017-04-19,6190,6190,6040,6130,6130,66315
2017-04-20,6170,6520,6080,6350,6350,419631
2017-04-21,6940,8250,6650,8250,8250,2927623
2017-04-24,8690,10450,8660,8820,8820,6258139
2017-04-25,9100,9430,8720,9160,9160,1833664
2017-04-26,9080,9230,8960,9140,9140,372125
2017-04-27,9260,9600,9260,9600,9600,382120
2017-04-28,9570,11600,9570,11100,11100,705040
2017-05-02,11100,12350,11100,12250,12250,531596
2017-05-04,12250,12250,11200,11500,11500,308675
2017-05-08,11500,11850,11200,11250,11250,350770
2017-05-10,10750,10850,9680,10100,10100,1136671
2017-05-11,9970,10400,9710,10050,10050,685857
2017-05-12,9980,9990,9500,9640,9640,496861
2017-05-15,9640,10300,9540,10200,10200,765669
2017-05-16,10050,10400,9850,10150,10150,482930
2017-05-17,10200,10700,10050,10700,10700,650847
2017-05-18,10400,10700,9530,9700,9700,702954
2017-05-19,9750,12600,8830,12600,12600,4348818
2017-05-22,12750,12850,11400,11500,11500,1971892
2017-05-23,11650,12100,11300,12100,12100,1564406
2017-05-24,11900,12000,11200,11300,11300,619370
2017-05-25,11050,11300,10850,11200,11200,482007
2017-05-26,11200,11400,10950,10950,10950,349968
2017-05-29,10900,11050,10100,10100,10100,537857
2017-05-30,10100,10350,9990,10200,10200,486508
2017-05-31,10100,10700,10000,10250,10250,458646
2017-06-01,10250,10550,10050,10400,10400,485094
2017-06-02,10600,10650,10200,10250,10250,316099
2017-06-05,10250,10350,9760,9790,9790,400545
2017-06-07,9790,10050,9630,9920,9920,147061
2017-06-08,9910,9910,9480,9480,9480,230863
2017-06-09,9600,9640,8890,9400,9400,142883
2017-06-12,9390,9440,9090,9400,9400,149174
2017-06-13,9560,10350,9480,9900,9900,495185
2017-06-14,9900,10050,9710,9770,9770,135125
2017-06-15,9820,9890,9570,9570,9570,107298
2017-06-16,9560,10050,9530,9800,9800,124129
2017-06-19,9990,10500,9950,10200,10200,543542
2017-06-20,10200,12350,10100,10500,10500,5017321
2017-06-21,11100,11700,10500,10900,10900,1924148
2017-06-22,10700,10950,10500,10850,10850,625668
2017-06-23,10500,10700,10000,10100,10100,790089
2017-06-26,10100,10400,9520,9540,9540,686931
2017-06-27,9900,10100,9430,9460,9460,665238
2017-06-28,9390,9430,9150,9190,9190,204886
2017-06-29,9290,9340,8600,8610,8610,452217
2017-06-30,8600,8740,8270,8450,8450,262898
2017-07-03,8450,8530,8280,8300,8300,127258
2017-07-04,8270,8380,8060,8120,8120,168639
2017-07-05,8200,8540,8150,8380,8380,176734
2017-07-06,8380,8540,8350,8460,8460,79785
2017-07-07,8380,8540,8310,8470,8470,66802
2017-07-10,8450,8480,8320,8480,8480,43551
2017-07-11,8580,10800,8480,9910,9910,4773223
2017-07-12,9890,10350,9360,9510,9510,1002547
2017-07-13,9400,9470,8850,8900,8900,746145
2017-07-14,9230,10150,8850,8980,8980,3814757
2017-07-17,9110,9290,8960,9230,9230,593156
2017-07-18,9230,9430,8990,9400,9400,644229
2017-07-19,9680,10300,9530,9560,9560,1984957
2017-07-20,9510,9870,9370,9740,9740,284366
2017-07-21,9950,10100,9590,9610,9610,399412
2017-07-24,9790,9840,9490,9550,9550,349960
2017-07-25,9880,9930,9530,9850,9850,437464
2017-07-26,9600,9790,9170,9170,9170,379302
2017-07-27,9050,9440,8810,9370,9370,221888
2017-07-28,9290,9350,9040,9070,9070,172387
2017-07-31,8900,9900,8900,9440,9440,505605
2017-08-01,9300,9540,9100,9140,9140,176933
2017-08-02,9200,9350,8330,8350,8350,569835
2017-08-03,8910,9370,8010,8010,8010,1242245
2017-08-04,8010,8110,7900,7940,7940,206058
2017-08-07,7950,8840,7830,8110,8110,545454
2017-08-08,8350,10250,8270,9700,9700,6535418
2017-08-09,9570,10600,9360,9750,9750,2737495
2017-08-10,9750,9980,8780,8990,8990,1104664
2017-08-11,9190,10100,9150,9440,9440,2944963
2017-08-14,9510,10400,9500,9990,9990,2431360
2017-08-16,9990,10400,9620,9720,9720,1002033
2017-08-17,8390,8870,7960,7980,7980,2378129
2017-08-18,7800,7890,7450,7490,7490,997463
2017-08-21,7580,8180,7570,7710,7710,1490822
2017-08-22,7650,7740,7430,7440,7440,467477
2017-08-23,7510,7540,7050,7080,7080,559212
2017-08-24,7140,7290,7080,7090,7090,313437
2017-08-25,7130,7160,6940,6950,6950,310588
2017-08-28,6970,7020,6770,6940,6940,256779
2017-08-29,7060,7470,6970,7000,7000,942564
2017-08-30,7000,7330,6900,7140,7140,372106
2017-08-31,7130,7140,6990,6990,6990,189160
2017-09-01,6990,7120,6940,7000,7000,151036
2017-09-04,6820,7200,6800,7090,7090,282814
2017-09-05,7080,7100,6910,6930,6930,140532
2017-09-06,7030,7090,6760,6760,6760,162365
2017-09-07,6760,7060,6760,7030,7030,227069
2017-09-08,7110,7130,6870,6900,6900,125489
2017-09-11,6910,7040,6890,6910,6910,93444
2017-09-12,6860,6990,6860,6950,6950,74537
2017-09-13,6900,7000,6880,6910,6910,75233
2017-09-14,6880,7300,6860,7060,7060,358323
2017-09-15,7190,7200,6800,6950,6950,150906
2017-09-18,6950,7000,6780,6820,6820,143826
2017-09-19,6740,6810,6600,6630,6630,196815
2017-09-20,6610,6770,6600,6620,6620,118065
2017-09-21,6510,6630,6340,6380,6380,167460
2017-09-25,6400,6520,5930,5930,5930,291151
2017-09-26,5930,5930,5930,5930,5930,0
2017-09-27,6110,6630,6110,6200,6200,216698
2017-09-28,6260,7090,6260,6650,6650,616625
2017-09-29,6690,6710,6220,6250,6250,216394
2017-10-02,6250,6250,6250,6250,6250,0
2017-10-10,6250,6430,6110,6110,6110,93325
2017-10-11,6230,6230,6050,6100,6100,56391
2017-10-12,6200,6300,6100,6160,6160,69310
2017-10-13,6190,6200,5970,6010,6010,103152
2017-10-16,5990,6050,5790,5960,5960,123743
2017-10-17,5950,6040,5600,5890,5890,118825
2017-10-18,5890,5930,5700,5750,5750,98630
2017-10-19,5750,5960,5750,5890,5890,90801
2017-10-20,5880,6060,5800,5970,5970,58542
2017-10-23,6040,6480,6010,6090,6090,265743
2017-10-24,6000,6240,6000,6240,6240,95914
2017-10-25,6300,6320,6170,6300,6300,53205
2017-10-26,6330,6430,6200,6350,6350,104864
2017-10-27,6280,6370,6270,6280,6280,41765
2017-10-30,6330,6330,6210,6210,6210,85085
2017-10-31,6200,6370,6200,6230,6230,58641
2017-11-01,6190,6290,6140,6220,6220,40292
2017-11-02,6220,6300,6090,6120,6120,88161
2017-11-03,6200,6200,6000,6100,6100,74338
2017-11-06,6170,6170,6000,6060,6060,48744
2017-11-07,6010,6120,6000,6060,6060,53887
2017-11-08,6080,6180,6030,6180,6180,69359
2017-11-09,6180,6390,6130,6330,6330,99612
2017-11-10,6400,6410,6240,6300,6300,49642
2017-11-13,6340,6340,6200,6240,6240,51571
2017-11-14,6210,6350,6210,6290,6290,79165
2017-11-15,6220,6410,6100,6250,6250,297061
2017-11-16,6500,6780,6230,6230,6230,642826
2017-11-17,6300,6360,6220,6300,6300,81900
2017-11-20,6360,6470,6300,6300,6300,145339
2017-11-21,6260,6390,6230,6260,6260,91603
2017-11-22,6320,6320,6060,6060,6060,117849
2017-11-23,6060,6060,5870,5930,5930,125731
2017-11-24,5950,6050,5900,5930,5930,89184
2017-11-27,5990,5990,5870,5900,5900,60481
2017-11-28,5940,6040,5850,5890,5890,73483
2017-11-29,5900,5940,5820,5870,5870,61204
2017-11-30,5860,6040,5820,5980,5980,90739
2017-12-01,6020,6020,5890,5930,5930,28187
